{
    "loss": 10.898508071899414,
    "accuracy": 0.8039215803146362
}