{
    "loss": 20.62871551513672,
    "accuracy": 0.45098039507865906
}