{
    "loss": 1.794753074645996,
    "accuracy": 0.8039215803146362
}