{
    "loss": 99.20579528808594,
    "accuracy": 0.5686274766921997
}